id,filename
3498684,attachments/3498684.pdf
3498669,attachments/3498669.pdf
3498663,attachments/3498663.pdf
3498648,attachments/3498648.pdf
3498643,attachments/3498643.pdf
3498573,attachments/3498573.pdf
3498544,attachments/3498544.pdf
3498532,attachments/3498532.pdf
3498521,attachments/3498521.pdf
3498480,attachments/3498480.pdf
3498444,attachments/3498444.pdf
3498391,attachments/3498391.pdf
3498366,attachments/3498366.pdf
3498334,attachments/3498334.pdf
3498323,attachments/3498323.pdf
3498287,attachments/3498287.pdf
3498285,attachments/3498285.pdf
3498266,attachments/3498266.pdf
3498235,attachments/3498235.pdf
3498222,attachments/3498222.pdf
3498213,attachments/3498213.pdf
3498211,attachments/3498211.pdf
3497706,attachments/3497706.pdf
